{
  "loss": 0.06923355162143707,
  "mae": 0.2191295325756073,
  "val_loss": 0.09831301867961884,
  "val_mae": 0.2768831253051758,
  "epoch": 9,
  "global_step": 200
}