{
  "loss": 0.09694231301546097,
  "mae": 0.26777520775794983,
  "val_loss": 0.08842591941356659,
  "val_mae": 0.25602978467941284,
  "epoch": 1,
  "global_step": 40
}